{"metadata":{"asset_id":"342b6732-f459-4df2-a56b-10e6087d225b","asset_attributes":["data_asset"],"name":"Insurance-Loss-Estimation-Using-Remote-Sensing-Dashboard.zip","asset_type":"data_asset","created_at":"2021-02-24T11:15:52Z","description":"","origin_country":"us","owner_id":"1000330999","project_id":"a6a21632-5123-417c-95f2-72f2bc313e32","size":5517644,"tags":[],"usage":{"last_update_time":1614165353591,"last_updated_at":"2021-02-24T11:15:53Z"}},"entity":{"data_asset":{"mime_type":"application/zip","dataset":false}},"attachments":[{"id":"c805fc8e-78ca-439a-9fac-b96a6e632df2","version":2,"asset_type":"data_asset","name":"Insurance-Loss-Estimation-Using-Remote-Sensing-Dashboard.zip","mime":"application/zip","datasource_type":"81bafdbd-b7c6-45c5-a4fd-6ec135f66f4e","object_key":"data_asset/Insurance-Loss-Estimation-Using-Remote-Sensing-Dashboard.zip","creator_id":"1000330999","create_time":1614165353590,"size":5517644,"is_remote":false,"is_managed":false,"is_referenced":true,"is_object_key_read_only":true,"is_user_provided_path_key":true,"transfer_complete":true,"is_partitioned":false,"complete_time_ticks":1614165353590,"user_data":{},"test_doc":0,"handle":{"key":"data_asset/Insurance-Loss-Estimation-Using-Remote-Sensing-Dashboard.zip","upload_id":"done","max_part_num":1},"usage":{"access_count":0,"last_accessor_id":"1000330999","last_access_time":1614165353590}}]}