{"metadata":{"asset_id":"f8c59b38-a4ca-47e4-b5d0-06aa9b456881","asset_attributes":["data_asset"],"name":"insurance-loss-estimation-using-remote-sensing-data-map-terms.csv","asset_type":"data_asset","created_at":"2021-01-25T11:26:20Z","description":"","origin_country":"us","owner_id":"1000330999","project_id":"a6a21632-5123-417c-95f2-72f2bc313e32","size":5351,"tags":[],"usage":{"last_update_time":1611573980367,"last_updated_at":"2021-01-25T11:26:20Z"}},"entity":{"data_asset":{"mime_type":"text/csv","dataset":false}},"attachments":[{"id":"b6bf6b09-10e5-4b62-9cb5-2ca423b1da22","version":2,"asset_type":"data_asset","name":"insurance-loss-estimation-using-remote-sensing-data-map-terms.csv","mime":"text/csv","datasource_type":"81bafdbd-b7c6-45c5-a4fd-6ec135f66f4e","object_key":"data_asset/insurance-loss-estimation-using-remote-sensing-data-map-terms.csv","creator_id":"icp4d-dev","create_time":1611573980234,"size":5351,"is_remote":false,"is_managed":false,"is_referenced":true,"is_object_key_read_only":false,"is_user_provided_path_key":true,"transfer_complete":true,"is_partitioned":false,"complete_time_ticks":1611573980234,"user_data":{},"test_doc":0,"handle":{"key":"data_asset/insurance-loss-estimation-using-remote-sensing-data-map-terms.csv","upload_id":"done","max_part_num":1},"usage":{"access_count":0,"last_accessor_id":"icp4d-dev","last_access_time":1611573980234}}]}