{"metadata":{"asset_id":"8a4d81d0-e956-4fec-a5f0-e125cc87e3ff","asset_attributes":["data_asset"],"name":"b08_after.tif","asset_type":"data_asset","created_at":"2021-01-25T11:26:20Z","description":"","origin_country":"us","owner_id":"1000330999","project_id":"a6a21632-5123-417c-95f2-72f2bc313e32","size":769046,"tags":[],"usage":{"last_update_time":1611573980369,"last_updated_at":"2021-01-25T11:26:20Z"}},"entity":{"data_asset":{"mime_type":"image/x-tiff","dataset":false}},"attachments":[{"id":"085359a2-67f9-4e9e-8ced-6152d2063335","version":2,"asset_type":"data_asset","name":"b08_after.tif","mime":"image/x-tiff","datasource_type":"81bafdbd-b7c6-45c5-a4fd-6ec135f66f4e","object_key":"data_asset/b08_after.tif","creator_id":"icp4d-dev","create_time":1611573980235,"size":769046,"is_remote":false,"is_managed":false,"is_referenced":true,"is_object_key_read_only":false,"is_user_provided_path_key":true,"transfer_complete":true,"is_partitioned":false,"complete_time_ticks":1611573980235,"user_data":{},"test_doc":0,"handle":{"key":"data_asset/b08_after.tif","upload_id":"done","max_part_num":1},"usage":{"access_count":0,"last_accessor_id":"icp4d-dev","last_access_time":1611573980235}}]}