{"metadata":{"asset_id":"5b84f5d0-7e81-4e0e-b30c-fcf9bb9bbce4","asset_attributes":["data_asset"],"name":"Remote Sensing Input.csv","asset_type":"data_asset","created_at":"2021-01-25T11:26:20Z","description":"","origin_country":"us","owner_id":"1000330999","project_id":"a6a21632-5123-417c-95f2-72f2bc313e32","size":185162,"tags":[],"usage":{"last_update_time":1611573980448,"last_updated_at":"2021-01-25T11:26:20Z"}},"entity":{"data_asset":{"mime_type":"text/csv","dataset":false}},"attachments":[{"id":"6211a458-a587-42fb-9073-94a805386a06","version":2,"asset_type":"data_asset","name":"Remote Sensing Input.csv","mime":"text/csv","datasource_type":"81bafdbd-b7c6-45c5-a4fd-6ec135f66f4e","object_key":"data_asset/Remote Sensing Input.csv","creator_id":"icp4d-dev","create_time":1611573980275,"size":185162,"is_remote":false,"is_managed":false,"is_referenced":true,"is_object_key_read_only":false,"is_user_provided_path_key":true,"transfer_complete":true,"is_partitioned":false,"complete_time_ticks":1611573980275,"user_data":{},"test_doc":0,"handle":{"key":"data_asset/Remote Sensing Input.csv","upload_id":"done","max_part_num":1},"usage":{"access_count":0,"last_accessor_id":"icp4d-dev","last_access_time":1611573980275}}]}