{"metadata":{"asset_id":"84549cb0-42a5-4779-be35-78496c740752","asset_attributes":["data_asset"],"name":"Insurance Loss Claims.csv","asset_type":"data_asset","created_at":"2021-01-25T15:41:13Z","description":"","origin_country":"us","owner_id":"1000330999","project_id":"a6a21632-5123-417c-95f2-72f2bc313e32","size":2075141,"tags":[],"usage":{"last_update_time":1611589274206,"last_updated_at":"2021-01-25T15:41:14Z"}},"entity":{"data_asset":{"mime_type":"text/csv","dataset":false}},"attachments":[{"id":"e1c9f119-611e-4db1-905c-75fe29004204","version":2,"asset_type":"data_asset","name":"Insurance Loss Claims.csv","mime":"text/csv","datasource_type":"81bafdbd-b7c6-45c5-a4fd-6ec135f66f4e","object_key":"data_asset/Insurance Loss Claims.csv","creator_id":"1000330999","create_time":1611589274205,"size":2075141,"is_remote":false,"is_managed":false,"is_referenced":true,"is_object_key_read_only":true,"is_user_provided_path_key":true,"transfer_complete":true,"is_partitioned":false,"complete_time_ticks":1611589274205,"user_data":{},"test_doc":0,"handle":{"key":"data_asset/Insurance Loss Claims.csv","upload_id":"done","max_part_num":1},"usage":{"access_count":0,"last_accessor_id":"1000330999","last_access_time":1611589274205}}]}