{"metadata":{"asset_id":"55db48ba-9f3f-4edb-bc73-fbf1cdc7e353","asset_attributes":["data_asset"],"name":"Remote Sensing Output.csv","asset_type":"data_asset","created_at":"2021-01-25T11:26:20Z","description":"","origin_country":"us","owner_id":"1000330999","project_id":"a6a21632-5123-417c-95f2-72f2bc313e32","size":859337,"tags":[],"usage":{"last_update_time":1614167152435,"last_updated_at":"2021-02-24T11:45:52Z"}},"entity":{"data_asset":{"mime_type":"text/csv","dataset":false}},"attachments":[{"id":"1080896d-d9bb-4609-b5d7-014f63d787aa","version":2,"asset_type":"data_asset","name":"Remote Sensing Output.csv","mime":"text/csv","datasource_type":"81bafdbd-b7c6-45c5-a4fd-6ec135f66f4e","object_key":"data_asset/Remote Sensing Output.csv","creator_id":"icp4d-dev","create_time":1611573980276,"size":859337,"is_remote":false,"is_managed":false,"is_referenced":true,"is_object_key_read_only":false,"is_user_provided_path_key":true,"transfer_complete":true,"is_partitioned":false,"complete_time_ticks":1611573980276,"user_data":{},"test_doc":0,"handle":{"key":"data_asset/Remote Sensing Output.csv","upload_id":"done","max_part_num":1},"usage":{"access_count":3,"last_accessor_id":"1000330999","last_access_time":1614167152434,"last_updater_id":"1000330999","last_update_time":1614167152434}}]}