{"metadata":{"asset_id":"2090336b-2857-4f87-bad1-1ff53af7aa7a","asset_attributes":["data_asset"],"name":"Insurance Loss Claims.csv","asset_type":"data_asset","created_at":"2021-01-25T11:26:20Z","description":"","origin_country":"us","owner_id":"1000330999","project_id":"a6a21632-5123-417c-95f2-72f2bc313e32","size":2077115,"tags":[],"usage":{"last_update_time":1611573980447,"last_updated_at":"2021-01-25T11:26:20Z"}},"entity":{"data_asset":{"mime_type":"text/csv","dataset":false}},"attachments":[{"id":"bb2c5d25-e58f-4f0f-ab76-376ade56a349","version":2,"asset_type":"data_asset","name":"Insurance Loss Claims.csv","mime":"text/csv","datasource_type":"81bafdbd-b7c6-45c5-a4fd-6ec135f66f4e","object_key":"data_asset/Insurance Loss Claims.csv","creator_id":"icp4d-dev","create_time":1611573980276,"size":2077115,"is_remote":false,"is_managed":false,"is_referenced":true,"is_object_key_read_only":false,"is_user_provided_path_key":true,"transfer_complete":true,"is_partitioned":false,"complete_time_ticks":1611573980276,"user_data":{},"test_doc":0,"handle":{"key":"data_asset/Insurance Loss Claims.csv","upload_id":"done","max_part_num":1},"usage":{"access_count":0,"last_accessor_id":"icp4d-dev","last_access_time":1611573980276}}]}