{"metadata":{"asset_id":"72b2c4e5-59c6-4c69-8562-3546c4ed14bd","asset_attributes":["data_asset"],"name":"model_output_summary.csv","asset_type":"data_asset","created_at":"2021-01-25T11:26:20Z","description":"","origin_country":"us","owner_id":"1000330999","project_id":"a6a21632-5123-417c-95f2-72f2bc313e32","size":3052996,"tags":[],"usage":{"last_update_time":1613670513973,"last_updated_at":"2021-02-18T17:48:33Z"}},"entity":{"data_asset":{"mime_type":"text/csv","dataset":false}},"attachments":[{"id":"6c86de32-5d05-4893-9085-b190b9d88e65","version":2,"asset_type":"data_asset","name":"model_output_summary.csv","mime":"text/csv","datasource_type":"81bafdbd-b7c6-45c5-a4fd-6ec135f66f4e","object_key":"data_asset/model_output_summary.csv","creator_id":"icp4d-dev","create_time":1611573980734,"size":3052996,"is_remote":false,"is_managed":false,"is_referenced":true,"is_object_key_read_only":false,"is_user_provided_path_key":true,"transfer_complete":true,"is_partitioned":false,"complete_time_ticks":1611573980734,"user_data":{},"test_doc":0,"handle":{"key":"data_asset/model_output_summary.csv","upload_id":"done","max_part_num":1},"usage":{"access_count":3,"last_accessor_id":"1000330999","last_access_time":1613670513972,"last_updater_id":"1000330999","last_update_time":1613670513972}}]}