{"metadata":{"asset_id":"625f1dfe-ecb1-4d30-8394-45fa169c3e03","asset_attributes":["job"],"name":"1-Impact_Region_Analysis_with_Remote_Sensing","asset_type":"job","created_at":"2021-01-25T19:36:08Z","description":"Run the notebook 1-Impact_Region_Analysis_with_Remote_Sensing end to end.","origin_country":"us","owner_id":"1000330999","project_id":"a6a21632-5123-417c-95f2-72f2bc313e32","size":0,"tags":[],"usage":{"last_update_time":1614166858632,"last_updated_at":"2021-02-24T11:40:58Z"}},"entity":{"job":{"asset_ref_type":"notebook","configuration":{"env_id":"spark30py37-a6a21632-5123-417c-95f2-72f2bc313e32","env_type":"default_spark","env_variables":[]},"last_run_initiator":"None","last_run_time":"","last_run_status":"None","last_run_status_timestamp":0,"project_name":"Insurance-Loss-Estimation-using-remote-sensing-data","asset_ref":"495e6981-16ef-4acf-a0f4-0c72e5870d14"}}}