{"metadata":{"asset_id":"007849cf-44ca-455e-a18d-30ec61b7cd88","asset_attributes":["job"],"name":"2-Model_Training_And_Deployments","asset_type":"job","created_at":"2021-01-25T19:38:41Z","description":"","origin_country":"us","owner_id":"1000330999","project_id":"a6a21632-5123-417c-95f2-72f2bc313e32","size":0,"tags":[],"usage":{"last_update_time":1614166974539,"last_updated_at":"2021-02-24T11:42:54Z"}},"entity":{"job":{"asset_ref_type":"notebook","configuration":{"env_id":"jupconda37-a6a21632-5123-417c-95f2-72f2bc313e32","env_type":"notebook","env_variables":[]},"last_run_initiator":"None","last_run_time":"","last_run_status":"None","last_run_status_timestamp":0,"project_name":"Insurance-Loss-Estimation-using-remote-sensing-data","asset_ref":"e2a7de0b-28f4-4de5-a9a0-095a41fefdb2"}}}