{"metadata":{"asset_id":"e2a7de0b-28f4-4de5-a9a0-095a41fefdb2","asset_attributes":["notebook"],"name":"2-Model_Training_And_Deployments","asset_type":"notebook","created_at":"2021-01-25T11:26:21Z","description":"","origin_country":"us","owner_id":"icp4d-dev","project_id":"a6a21632-5123-417c-95f2-72f2bc313e32","size":796466,"tags":["notebook"],"usage":{"last_update_time":1613670831447,"last_updated_at":"2021-02-18T17:53:51Z"}},"entity":{"notebook":{"kernel":{"name":"python3","display_name":"Python 3.7","language":"python"},"originates_from":{"type":"file"},"runtime":{"environment":"jupconda37-a6a21632-5123-417c-95f2-72f2bc313e32"}}},"attachments":[{"id":"4a0ac30b-8899-437e-ba9a-e1f1c70c73a0","version":2,"asset_type":"notebook","name":"attachment for notebook e2a7de0b-28f4-4de5-a9a0-095a41fefdb2","description":"attachment for notebook e2a7de0b-28f4-4de5-a9a0-095a41fefdb2","mime":"application/json","datasource_type":"81bafdbd-b7c6-45c5-a4fd-6ec135f66f4e","object_key":"notebook/2-Model_Training_And_Deployments_p0_qWULBe.ipynb","creator_id":"1000330999","create_time":1611573981109,"size":796466,"is_remote":false,"is_managed":false,"is_referenced":true,"is_object_key_read_only":false,"is_user_provided_path_key":true,"transfer_complete":true,"is_partitioned":false,"complete_time_ticks":1611573981109,"user_data":{},"test_doc":0,"handle":{"key":"notebook/2-Model_Training_And_Deployments_p0_qWULBe.ipynb","upload_id":"done","max_part_num":1},"usage":{"access_count":0,"last_accessor_id":"1000330999","last_access_time":1611573981109}}]}