{"metadata":{"asset_id":"564f55f4-5312-419a-ba15-003d424b2cfd","asset_attributes":["notebook"],"name":"0-Map_Business_Terms_to_data_headers","asset_type":"notebook","created_at":"2021-01-25T11:26:21Z","description":"","origin_country":"us","owner_id":"icp4d-dev","project_id":"a6a21632-5123-417c-95f2-72f2bc313e32","size":28884,"tags":["notebook"],"usage":{"last_update_time":1611573981110,"last_updated_at":"2021-01-25T11:26:21Z"}},"entity":{"notebook":{"kernel":"","originates_from":{"type":"file"},"runtime":{"environment":"jupconda37-a6a21632-5123-417c-95f2-72f2bc313e32"}}},"attachments":[{"id":"acb1fdf4-d5db-4c4c-902e-8bb4ceebed2c","version":2,"asset_type":"notebook","name":"attachment for notebook 564f55f4-5312-419a-ba15-003d424b2cfd","description":"attachment for notebook 564f55f4-5312-419a-ba15-003d424b2cfd","mime":"application/json","datasource_type":"81bafdbd-b7c6-45c5-a4fd-6ec135f66f4e","object_key":"notebook/0-Map_Business_Terms_to_data_headers_x9uX93Gxj.ipynb","creator_id":"1000330999","create_time":1611573981109,"size":28884,"is_remote":false,"is_managed":false,"is_referenced":true,"is_object_key_read_only":false,"is_user_provided_path_key":true,"transfer_complete":true,"is_partitioned":false,"complete_time_ticks":1611573981109,"user_data":{},"test_doc":0,"handle":{"key":"notebook/0-Map_Business_Terms_to_data_headers_x9uX93Gxj.ipynb","upload_id":"done","max_part_num":1},"usage":{"access_count":0,"last_accessor_id":"1000330999","last_access_time":1611573981109}}]}