{"metadata":{"asset_id":"495e6981-16ef-4acf-a0f4-0c72e5870d14","asset_attributes":["notebook"],"name":"1-Impact_Region_Analysis_with_Remote_Sensing","asset_type":"notebook","created_at":"2021-01-25T11:26:21Z","description":"","origin_country":"us","owner_id":"icp4d-dev","project_id":"a6a21632-5123-417c-95f2-72f2bc313e32","size":253823,"tags":["notebook"],"usage":{"last_update_time":1613744708301,"last_updated_at":"2021-02-19T14:25:08Z"}},"entity":{"notebook":{"kernel":{"name":"python37","display_name":"Python 3.7 with Spark","language":"python3"},"originates_from":{"type":"file"},"runtime":{"environment":"spark30py37-a6a21632-5123-417c-95f2-72f2bc313e32"}}},"attachments":[{"id":"03ac01fe-4a70-4fd4-b727-300670c9c3d5","version":2,"asset_type":"notebook","name":"attachment for notebook 495e6981-16ef-4acf-a0f4-0c72e5870d14","description":"attachment for notebook 495e6981-16ef-4acf-a0f4-0c72e5870d14","mime":"application/json","datasource_type":"81bafdbd-b7c6-45c5-a4fd-6ec135f66f4e","object_key":"notebook/1-Impact_Region_Analysis_with_Remote_Sensing_Smk81KGjr.ipynb","creator_id":"1000330999","create_time":1611573981109,"size":253823,"is_remote":false,"is_managed":false,"is_referenced":true,"is_object_key_read_only":false,"is_user_provided_path_key":true,"transfer_complete":true,"is_partitioned":false,"complete_time_ticks":1611573981109,"user_data":{},"test_doc":0,"handle":{"key":"notebook/1-Impact_Region_Analysis_with_Remote_Sensing_Smk81KGjr.ipynb","upload_id":"done","max_part_num":1},"usage":{"access_count":0,"last_accessor_id":"1000330999","last_access_time":1611573981109}}]}