{"metadata":{"asset_id":"63ec979e-a5d4-430f-9957-8662582c2fb1","asset_attributes":["notebook"],"name":"ReadMe","asset_type":"notebook","created_at":"2021-01-25T11:26:21Z","description":"","origin_country":"us","owner_id":"icp4d-dev","project_id":"a6a21632-5123-417c-95f2-72f2bc313e32","size":427928,"tags":["notebook"],"usage":{"last_update_time":1613668075217,"last_updated_at":"2021-02-18T17:07:55Z"}},"entity":{"notebook":{"kernel":{"name":"python3","display_name":"Python 3.7","language":"python"},"originates_from":{"type":"file"},"runtime":{"environment":"jupconda37-a6a21632-5123-417c-95f2-72f2bc313e32"}}},"attachments":[{"id":"9dc43b4f-1164-4f3e-b27c-320dd02bcc9f","version":2,"asset_type":"notebook","name":"attachment for notebook 63ec979e-a5d4-430f-9957-8662582c2fb1","description":"attachment for notebook 63ec979e-a5d4-430f-9957-8662582c2fb1","mime":"application/json","datasource_type":"81bafdbd-b7c6-45c5-a4fd-6ec135f66f4e","object_key":"notebook/ReadMe_VpqqLMCEN.ipynb","creator_id":"1000330999","create_time":1611573981113,"size":427928,"is_remote":false,"is_managed":false,"is_referenced":true,"is_object_key_read_only":false,"is_user_provided_path_key":true,"transfer_complete":true,"is_partitioned":false,"complete_time_ticks":1611573981113,"user_data":{},"test_doc":0,"handle":{"key":"notebook/ReadMe_VpqqLMCEN.ipynb","upload_id":"done","max_part_num":1},"usage":{"access_count":0,"last_accessor_id":"1000330999","last_access_time":1611573981113}}]}