{"metadata":{"asset_id":"85fed2b3-4db8-49ee-bfdf-3fb714611ecc","asset_attributes":["shiny_asset"],"name":"Insurance-Loss-Estimation-Using-Remote-Sensing-Dashboard","asset_type":"shiny_asset","created_at":"2021-01-25T13:47:33Z","description":"Shiny asset created in RStudio and pulled via git","origin_country":"us","owner_id":"1000330999","project_id":"a6a21632-5123-417c-95f2-72f2bc313e32","size":1,"tags":[],"usage":{"last_update_time":1613748462149,"last_updated_at":"2021-02-19T15:27:42Z"}},"entity":{},"attachments":[{"id":"696aa640-1112-40fa-969b-7a69044a6bbc","version":2,"asset_type":"shiny_asset","name":"Insurance-Loss-Estimation-Using-Remote-Sensing-Dashboard","datasource_type":"81bafdbd-b7c6-45c5-a4fd-6ec135f66f4e","object_key":"shiny_app/Insurance-Loss-Estimation-Using-Remote-Sensing-Dashboard.zip","creator_id":"icp4d-dev","create_time":1611582458673,"size":1,"is_remote":false,"is_managed":false,"is_referenced":true,"is_object_key_read_only":true,"is_user_provided_path_key":true,"transfer_complete":true,"is_partitioned":false,"complete_time_ticks":1611582458673,"user_data":{},"test_doc":0,"handle":{"key":"shiny_app/Insurance-Loss-Estimation-Using-Remote-Sensing-Dashboard.zip","upload_id":"done","max_part_num":1},"usage":{"access_count":3,"last_accessor_id":"icp4d-dev","last_access_time":1613748462148,"last_updater_id":"icp4d-dev","last_update_time":1613748462148}}]}